Workbook

Sheet 1
A1: مشاريع مؤسسة صلة للتنمية في قطاع ( ) للعام 2024م
A2: اسم المشروع :
A3: الرقم No | B3: الموقع Location | D3: المانح Funding | E3: نبذة عن المشروع | F3: مخرجات المشروع | G3: عدد الأسر | H3: عدد المستفيدين Nunmber of Beneficiaries | M3: تاريخ Date | O3: الحالة (مراحل) State | Q3: موازنة المشروع بالدولار | S3: المستفيدين مدمج الكبار مع الأطفال
B4: المحافظة Governorate | C4: المديريات District | H4: طفل Boys | I4: طفله Girls | J4: ذكور Men | K4: إناث Woman | L4: الإجمالي Total | M4: البدء Start Date | N4: الانتهاء End Date | O4: منتهي Finishing | P4: مستمر Continues | S4: إجمالي الذكور والأطفال | T4: إجمالي الإناث والطفلات
A5: 1 | B5: حضرموت | L5: =H5+I5+J5+K5 -> 0 | S5: =H5+J5 -> 0 | T5: =I5+K5 -> 0
A6: 2 | B6: صنعاء | L6: =H6+I6+J6+K6 -> 0 | S6: =H6+J6 -> 0 | T6: =I6+K6 -> 0
A7: 3 | B7: عدن | L7: =H7+I7+J7+K7 -> 0 | S7: =H7+J7 -> 0 | T7: =I7+K7 -> 0
A8: 4 | B8: مارب | L8: =H8+I8+J8+K8 -> 0 | S8: =H8+J8 -> 0 | T8: =I8+K8 -> 0
A9: 5 | B9: الجوف | L9: =H9+I9+J9+K9 -> 0 | S9: =H9+J9 -> 0 | T9: =I9+K9 -> 0
A10: 6 | B10: البيضاء | L10: =H10+I10+J10+K10 -> 0 | S10: =H10+J10 -> 0 | T10: =I10+K10 -> 0
A11: 7 | B11: شبوة | L11: =H11+I11+J11+K11 -> 0 | S11: =H11+J11 -> 0 | T11: =I11+K11 -> 0
A12: 8 | B12: الضالع | L12: =H12+I12+J12+K12 -> 0 | S12: =H12+J12 -> 0 | T12: =I12+K12 -> 0
A13: 9 | B13: لحج | L13: =H13+I13+J13+K13 -> 0 | S13: =H13+J13 -> 0 | T13: =I13+K13 -> 0
A14: 10 | B14: أبين | L14: =H14+I14+J14+K14 -> 0 | S14: =H14+J14 -> 0 | T14: =I14+K14 -> 0
A15: 11 | B15: الحديدة | L15: =H15+I15+J15+K15 -> 0 | S15: =H15+J15 -> 0 | T15: =I15+K15 -> 0
A16: 12 | B16: تعز | L16: =H16+I16+J16+K16 -> 0 | S16: =H16+J16 -> 0 | T16: =I16+K16 -> 0
... A24: 20 | B24: صعدة | L24: =H24+I24+J24+K24 -> 0 | S24: =H24+J24 -> 0 | T24: =I24+K24 -> 0
A25: 21 | L25: =H25+I25+J25+K25 -> 0 | S25: =H25+J25 -> 0 | T25: =I25+K25 -> 0
A26: 22 | L26: =H26+I26+J26+K26 -> 0 | S26: =H26+J26 -> 0 | T26: =I26+K26 -> 0
G27: =SUM(G5:G26) -> 0 | H27: =SUM(H5:H26) -> 0 | I27: =SUM(I5:I26) -> 0 | J27: =SUM(J5:J26) -> 0 | K27: =SUM(K5:K26) -> 0 | L27: =SUM(L5:L26) -> 0 | S27: =SUM(S5:S26) -> 0 | T27: =SUM(T5:T26) -> 0

Sheet 2
A1: مشاريع مؤسسة صلة للتنمية في قطاع ( ) للعام 2024م
A2: اسم المشروع :
A3: الرقم No | B3: الموقع Location | D3: المانح Funding | E3: نبذة عن المشروع | F3: مخرجات المشروع | G3: عدد الأسر | H3: عدد المستفيدين Nunmber of Beneficiaries | M3: تاريخ Date | O3: الحالة (مراحل) State | Q3: موازنة المشروع بالدولار | S3: المستفيدين مدمج الكبار مع الأطفال
B4: المحافظة Governorate | C4: المديرية District | H4: طفل Boys | I4: طفله Girls | J4: ذكور Men | K4: إناث Woman | L4: الإجمالي Total | M4: البدء Start Date | N4: الانتهاء End Date | O4: منتهي Finishing | P4: مستمر Continues | S4: إجمالي الذكور والأطفال | T4: إجمالي الإناث والطفلات
A5: 1 | B5: حضرموت | L5: =H5+I5+J5+K5 -> 0 | S5: =H5+J5 -> 0 | T5: =I5+K5 -> 0
A6: 2 | B6: صنعاء | L6: =H6+I6+J6+K6 -> 0 | S6: =H6+J6 -> 0 | T6: =I6+K6 -> 0
A7: 3 | B7: عدن | L7: =H7+I7+J7+K7 -> 0 | S7: =H7+J7 -> 0 | T7: =I7+K7 -> 0
A8: 4 | B8: مارب | L8: =H8+I8+J8+K8 -> 0 | S8: =H8+J8 -> 0 | T8: =I8+K8 -> 0
A9: 5 | B9: الجوف | L9: =H9+I9+J9+K9 -> 0 | S9: =H9+J9 -> 0 | T9: =I9+K9 -> 0
A10: 6 | B10: البيضاء | L10: =H10+I10+J10+K10 -> 0 | S10: =H10+J10 -> 0 | T10: =I10+K10 -> 0
A11: 7 | B11: شبوة | L11: =H11+I11+J11+K11 -> 0 | S11: =H11+J11 -> 0 | T11: =I11+K11 -> 0
A12: 8 | B12: الضالع | L12: =H12+I12+J12+K12 -> 0 | S12: =H12+J12 -> 0 | T12: =I12+K12 -> 0
A13: 9 | B13: لحج | L13: =H13+I13+J13+K13 -> 0 | S13: =H13+J13 -> 0 | T13: =I13+K13 -> 0
A14: 10 | B14: أبين | L14: =H14+I14+J14+K14 -> 0 | S14: =H14+J14 -> 0 | T14: =I14+K14 -> 0
A15: 11 | B15: الحديدة | L15: =H15+I15+J15+K15 -> 0 | S15: =H15+J15 -> 0 | T15: =I15+K15 -> 0
A16: 12 | B16: تعز | L16: =H16+I16+J16+K16 -> 0 | S16: =H16+J16 -> 0 | T16: =I16+K16 -> 0
... A24: 20 | B24: صعدة | L24: =H24+I24+J24+K24 -> 0 | S24: =H24+J24 -> 0 | T24: =I24+K24 -> 0
A25: 21 | L25: =H25+I25+J25+K25 -> 0 | S25: =H25+J25 -> 0 | T25: =I25+K25 -> 0
A26: 22 | L26: =H26+I26+J26+K26 -> 0 | S26: =H26+J26 -> 0 | T26: =I26+K26 -> 0
G27: =SUM(G5:G26) -> 0 | H27: =SUM(H5:H26) -> 0 | I27: =SUM(I5:I26) -> 0 | J27: =SUM(J5:J26) -> 0 | K27: =SUM(K5:K26) -> 0 | L27: =SUM(L5:L26) -> 0 | S27: =SUM(S5:S26) -> 0 | T27: =SUM(T5:T26) -> 0

Sheet 3
A1: مشاريع مؤسسة صلة للتنمية في قطاع ( ) للعام 2024م
A2: اسم المشروع :
A3: الرقم No | B3: الموقع Location | D3: المانح Funding | E3: نبذة عن المشروع | F3: مخرجات المشروع | G3: عدد الأسر | H3: عدد المستفيدين Nunmber of Beneficiaries | M3: تاريخ Date | O3: الحالة (مراحل) State | Q3: موازنة المشروع بالدولار | S3: المستفيدين مدمج الكبار مع الأطفال
B4: المحافظة Governorate | C4: المديرية District | H4: طفل Boys | I4: طفله Girls | J4: ذكور Men | K4: إناث Woman | L4: الإجمالي Total | M4: البدء Start Date | N4: الانتهاء End Date | O4: منتهي Finishing | P4: مستمر Continues | S4: إجمالي الذكور والأطفال | T4: إجمالي الإناث والطفلات
A5: 1 | B5: حضرموت | L5: =H5+I5+J5+K5 -> 0 | S5: =H5+J5 -> 0 | T5: =I5+K5 -> 0
A6: 2 | B6: صنعاء | L6: =H6+I6+J6+K6 -> 0 | S6: =H6+J6 -> 0 | T6: =I6+K6 -> 0
A7: 3 | B7: عدن | L7: =H7+I7+J7+K7 -> 0 | S7: =H7+J7 -> 0 | T7: =I7+K7 -> 0
A8: 4 | B8: مارب | L8: =H8+I8+J8+K8 -> 0 | S8: =H8+J8 -> 0 | T8: =I8+K8 -> 0
A9: 5 | B9: الجوف | L9: =H9+I9+J9+K9 -> 0 | S9: =H9+J9 -> 0 | T9: =I9+K9 -> 0
A10: 6 | B10: البيضاء | L10: =H10+I10+J10+K10 -> 0 | S10: =H10+J10 -> 0 | T10: =I10+K10 -> 0
A11: 7 | B11: شبوة | L11: =H11+I11+J11+K11 -> 0 | S11: =H11+J11 -> 0 | T11: =I11+K11 -> 0
A12: 8 | B12: الضالع | L12: =H12+I12+J12+K12 -> 0 | S12: =H12+J12 -> 0 | T12: =I12+K12 -> 0
A13: 9 | B13: لحج | L13: =H13+I13+J13+K13 -> 0 | S13: =H13+J13 -> 0 | T13: =I13+K13 -> 0
A14: 10 | B14: أبين | L14: =H14+I14+J14+K14 -> 0 | S14: =H14+J14 -> 0 | T14: =I14+K14 -> 0
A15: 11 | B15: الحديدة | L15: =H15+I15+J15+K15 -> 0 | S15: =H15+J15 -> 0 | T15: =I15+K15 -> 0
A16: 12 | B16: تعز | L16: =H16+I16+J16+K16 -> 0 | S16: =H16+J16 -> 0 | T16: =I16+K16 -> 0
... A24: 20 | B24: صعدة | L24: =H24+I24+J24+K24 -> 0 | S24: =H24+J24 -> 0 | T24: =I24+K24 -> 0
A25: 21 | L25: =H25+I25+J25+K25 -> 0 | S25: =H25+J25 -> 0 | T25: =I25+K25 -> 0
A26: 22 | L26: =H26+I26+J26+K26 -> 0 | S26: =H26+J26 -> 0 | T26: =I26+K26 -> 0
G27: =SUM(G5:G26) -> 0 | H27: =SUM(H5:H26) -> 0 | I27: =SUM(I5:I26) -> 0 | J27: =SUM(J5:J26) -> 0 | K27: =SUM(K5:K26) -> 0 | L27: =SUM(L5:L26) -> 0 | S27: =SUM(S5:S26) -> 0 | T27: =SUM(T5:T26) -> 0

Sheet 4
A1: مشاريع مؤسسة صلة للتنمية في قطاع ( ) للعام 2024م
A2: اسم المشروع :
A3: الرقم No | B3: الموقع Location | D3: المانح Funding | E3: نبذة عن المشروع | F3: مخرجات المشروع | G3: عدد الأسر | H3: عدد المستفيدين Nunmber of Beneficiaries | M3: تاريخ Date | O3: الحالة (مراحل) State | Q3: موازنة المشروع بالدولار | S3: المستفيدين مدمج الكبار مع الأطفال
B4: المحافظة Governorate | C4: المديرية District | H4: طفل Boys | I4: طفله Girls | J4: ذكور Men | K4: إناث Woman | L4: الإجمالي Total | M4: البدء Start Date | N4: الانتهاء End Date | O4: منتهي Finishing | P4: مستمر Continues | S4: إجمالي الذكور والأطفال | T4: إجمالي الإناث والطفلات
A5: 1 | B5: حضرموت | L5: =H5+I5+J5+K5 -> 0 | S5: =H5+J5 -> 0 | T5: =I5+K5 -> 0
A6: 2 | B6: صنعاء | L6: =H6+I6+J6+K6 -> 0 | S6: =H6+J6 -> 0 | T6: =I6+K6 -> 0
A7: 3 | B7: عدن | L7: =H7+I7+J7+K7 -> 0 | S7: =H7+J7 -> 0 | T7: =I7+K7 -> 0
A8: 4 | B8: مارب | L8: =H8+I8+J8+K8 -> 0 | S8: =H8+J8 -> 0 | T8: =I8+K8 -> 0
A9: 5 | B9: الجوف | L9: =H9+I9+J9+K9 -> 0 | S9: =H9+J9 -> 0 | T9: =I9+K9 -> 0
A10: 6 | B10: البيضاء | L10: =H10+I10+J10+K10 -> 0 | S10: =H10+J10 -> 0 | T10: =I10+K10 -> 0
A11: 7 | B11: شبوة | L11: =H11+I11+J11+K11 -> 0 | S11: =H11+J11 -> 0 | T11: =I11+K11 -> 0
A12: 8 | B12: الضالع | L12: =H12+I12+J12+K12 -> 0 | S12: =H12+J12 -> 0 | T12: =I12+K12 -> 0
A13: 9 | B13: لحج | L13: =H13+I13+J13+K13 -> 0 | S13: =H13+J13 -> 0 | T13: =I13+K13 -> 0
A14: 10 | B14: أبين | L14: =H14+I14+J14+K14 -> 0 | S14: =H14+J14 -> 0 | T14: =I14+K14 -> 0
A15: 11 | B15: الحديدة | L15: =H15+I15+J15+K15 -> 0 | S15: =H15+J15 -> 0 | T15: =I15+K15 -> 0
A16: 12 | B16: تعز | L16: =H16+I16+J16+K16 -> 0 | S16: =H16+J16 -> 0 | T16: =I16+K16 -> 0
... A24: 20 | B24: صعدة | L24: =H24+I24+J24+K24 -> 0 | S24: =H24+J24 -> 0 | T24: =I24+K24 -> 0
A25: 21 | L25: =H25+I25+J25+K25 -> 0 | S25: =H25+J25 -> 0 | T25: =I25+K25 -> 0
A26: 22 | L26: =H26+I26+J26+K26 -> 0 | S26: =H26+J26 -> 0 | T26: =I26+K26 -> 0
G27: =SUM(G5:G26) -> 0 | H27: =SUM(H5:H26) -> 0 | I27: =SUM(I5:I26) -> 0 | J27: =SUM(J5:J26) -> 0 | K27: =SUM(K5:K26) -> 0 | L27: =SUM(L5:L26) -> 0 | S27: =SUM(S5:S26) -> 0 | T27: =SUM(T5:T26) -> 0

Sheet 5
A1: مشاريع مؤسسة صلة للتنمية في قطاع ( ) للعام 2024م
A2: اسم المشروع :
A3: الرقم No | B3: الموقع Location | D3: المانح Funding | E3: نبذة عن المشروع | F3: مخرجات المشروع | G3: عدد الأسر | H3: عدد المستفيدين Nunmber of Beneficiaries | M3: تاريخ Date | O3: الحالة (مراحل) State | Q3: موازنة المشروع بالدولار | S3: المستفيدين مدمج الكبار مع الأطفال
B4: المحافظة Governorate | C4: المديرية District | H4: طفل Boys | I4: طفله Girls | J4: ذكور Men | K4: إناث Woman | L4: الإجمالي Total | M4: البدء Start Date | N4: الانتهاء End Date | O4: منتهي Finishing | P4: مستمر Continues | S4: إجمالي الذكور والأطفال | T4: إجمالي الإناث والطفلات
A5: 1 | B5: حضرموت | L5: =H5+I5+J5+K5 -> 0 | S5: =H5+J5 -> 0 | T5: =I5+K5 -> 0
A6: 2 | B6: صنعاء | L6: =H6+I6+J6+K6 -> 0 | S6: =H6+J6 -> 0 | T6: =I6+K6 -> 0
A7: 3 | B7: عدن | L7: =H7+I7+J7+K7 -> 0 | S7: =H7+J7 -> 0 | T7: =I7+K7 -> 0
A8: 4 | B8: مارب | L8: =H8+I8+J8+K8 -> 0 | S8: =H8+J8 -> 0 | T8: =I8+K8 -> 0
A9: 5 | B9: الجوف | L9: =H9+I9+J9+K9 -> 0 | S9: =H9+J9 -> 0 | T9: =I9+K9 -> 0
A10: 6 | B10: البيضاء | L10: =H10+I10+J10+K10 -> 0 | S10: =H10+J10 -> 0 | T10: =I10+K10 -> 0
A11: 7 | B11: شبوة | L11: =H11+I11+J11+K11 -> 0 | S11: =H11+J11 -> 0 | T11: =I11+K11 -> 0
A12: 8 | B12: الضالع | L12: =H12+I12+J12+K12 -> 0 | S12: =H12+J12 -> 0 | T12: =I12+K12 -> 0
A13: 9 | B13: لحج | L13: =H13+I13+J13+K13 -> 0 | S13: =H13+J13 -> 0 | T13: =I13+K13 -> 0
A14: 10 | B14: أبين | L14: =H14+I14+J14+K14 -> 0 | S14: =H14+J14 -> 0 | T14: =I14+K14 -> 0
A15: 11 | B15: الحديدة | L15: =H15+I15+J15+K15 -> 0 | S15: =H15+J15 -> 0 | T15: =I15+K15 -> 0
A16: 12 | B16: تعز | L16: =H16+I16+J16+K16 -> 0 | S16: =H16+J16 -> 0 | T16: =I16+K16 -> 0
... A24: 20 | B24: صعدة | L24: =H24+I24+J24+K24 -> 0 | S24: =H24+J24 -> 0 | T24: =I24+K24 -> 0
A25: 21 | L25: =H25+I25+J25+K25 -> 0 | S25: =H25+J25 -> 0 | T25: =I25+K25 -> 0
A26: 22 | L26: =H26+I26+J26+K26 -> 0 | S26: =H26+J26 -> 0 | T26: =I26+K26 -> 0
G27: =SUM(G5:G26) -> 0 | H27: =SUM(H5:H26) -> 0 | I27: =SUM(I5:I26) -> 0 | J27: =SUM(J5:J26) -> 0 | K27: =SUM(K5:K26) -> 0 | L27: =SUM(L5:L26) -> 0 | S27: =SUM(S5:S26) -> 0 | T27: =SUM(T5:T26) -> 0

Sheet 6
A1: مشاريع مؤسسة صلة للتنمية في قطاع ( ) للعام 2024م
A2: اسم المشروع :
A3: الرقم No | B3: الموقع Location | D3: المانح Funding | E3: نبذة عن المشروع | F3: مخرجات المشروع | G3: عدد الأسر | H3: عدد المستفيدين Nunmber of Beneficiaries | M3: تاريخ Date | O3: الحالة (مراحل) State | Q3: موازنة المشروع بالدولار | S3: المستفيدين مدمج الكبار مع الأطفال
B4: المحافظة Governorate | C4: المديرية District | H4: طفل Boys | I4: طفله Girls | J4: ذكور Men | K4: إناث Woman | L4: الإجمالي Total | M4: البدء Start Date | N4: الانتهاء End Date | O4: منتهي Finishing | P4: مستمر Continues | S4: إجمالي الذكور والأطفال | T4: إجمالي الإناث والطفلات
A5: 1 | B5: حضرموت | L5: =H5+I5+J5+K5 -> 0 | S5: =H5+J5 -> 0 | T5: =I5+K5 -> 0
A6: 2 | B6: صنعاء | L6: =H6+I6+J6+K6 -> 0 | S6: =H6+J6 -> 0 | T6: =I6+K6 -> 0
A7: 3 | B7: عدن | L7: =H7+I7+J7+K7 -> 0 | S7: =H7+J7 -> 0 | T7: =I7+K7 -> 0
A8: 4 | B8: مارب | L8: =H8+I8+J8+K8 -> 0 | S8: =H8+J8 -> 0 | T8: =I8+K8 -> 0
A9: 5 | B9: الجوف | L9: =H9+I9+J9+K9 -> 0 | S9: =H9+J9 -> 0 | T9: =I9+K9 -> 0
A10: 6 | B10: البيضاء | L10: =H10+I10+J10+K10 -> 0 | S10: =H10+J10 -> 0 | T10: =I10+K10 -> 0
A11: 7 | B11: شبوة | L11: =H11+I11+J11+K11 -> 0 | S11: =H11+J11 -> 0 | T11: =I11+K11 -> 0
A12: 8 | B12: الضالع | L12: =H12+I12+J12+K12 -> 0 | S12: =H12+J12 -> 0 | T12: =I12+K12 -> 0
A13: 9 | B13: لحج | L13: =H13+I13+J13+K13 -> 0 | S13: =H13+J13 -> 0 | T13: =I13+K13 -> 0
A14: 10 | B14: أبين | L14: =H14+I14+J14+K14 -> 0 | S14: =H14+J14 -> 0 | T14: =I14+K14 -> 0
A15: 11 | B15: الحديدة | L15: =H15+I15+J15+K15 -> 0 | S15: =H15+J15 -> 0 | T15: =I15+K15 -> 0
A16: 12 | B16: تعز | L16: =H16+I16+J16+K16 -> 0 | S16: =H16+J16 -> 0 | T16: =I16+K16 -> 0
... A24: 20 | B24: صعدة | L24: =H24+I24+J24+K24 -> 0 | S24: =H24+J24 -> 0 | T24: =I24+K24 -> 0
A25: 21 | L25: =H25+I25+J25+K25 -> 0 | S25: =H25+J25 -> 0 | T25: =I25+K25 -> 0
A26: 22 | L26: =H26+I26+J26+K26 -> 0 | S26: =H26+J26 -> 0 | T26: =I26+K26 -> 0
G27: =SUM(G5:G26) -> 0 | H27: =SUM(H5:H26) -> 0 | I27: =SUM(I5:I26) -> 0 | J27: =SUM(J5:J26) -> 0 | K27: =SUM(K5:K26) -> 0 | L27: =SUM(L5:L26) -> 0 | S27: =SUM(S5:S26) -> 0 | T27: =SUM(T5:T26) -> 0

Sheet 7
A1: مشاريع مؤسسة صلة للتنمية في قطاع ( ) للعام 2024م
A2: اسم المشروع :
A3: الرقم No | B3: الموقع Location | D3: المانح Funding | E3: نبذة عن المشروع | F3: مخرجات المشروع | G3: عدد الأسر | H3: عدد المستفيدين Nunmber of Beneficiaries | M3: تاريخ Date | O3: الحالة (مراحل) State | Q3: موازنة المشروع بالدولار | S3: المستفيدين مدمج الكبار مع الأطفال
B4: المحافظة Governorate | C4: المديرية District | H4: طفل Boys | I4: طفله Girls | J4: ذكور Men | K4: إناث Woman | L4: الإجمالي Total | M4: البدء Start Date | N4: الانتهاء End Date | O4: منتهي Finishing | P4: مستمر Continues | S4: إجمالي الذكور والأطفال | T4: إجمالي الإناث والطفلات
A5: 1 | B5: حضرموت | L5: =H5+I5+J5+K5 -> 0 | S5: =H5+J5 -> 0 | T5: =I5+K5 -> 0
A6: 2 | B6: صنعاء | L6: =H6+I6+J6+K6 -> 0 | S6: =H6+J6 -> 0 | T6: =I6+K6 -> 0
A7: 3 | B7: عدن | L7: =H7+I7+J7+K7 -> 0 | S7: =H7+J7 -> 0 | T7: =I7+K7 -> 0
A8: 4 | B8: مارب | L8: =H8+I8+J8+K8 -> 0 | S8: =H8+J8 -> 0 | T8: =I8+K8 -> 0
A9: 5 | B9: الجوف | L9: =H9+I9+J9+K9 -> 0 | S9: =H9+J9 -> 0 | T9: =I9+K9 -> 0
A10: 6 | B10: البيضاء | L10: =H10+I10+J10+K10 -> 0 | S10: =H10+J10 -> 0 | T10: =I10+K10 -> 0
A11: 7 | B11: شبوة | L11: =H11+I11+J11+K11 -> 0 | S11: =H11+J11 -> 0 | T11: =I11+K11 -> 0
A12: 8 | B12: الضالع | L12: =H12+I12+J12+K12 -> 0 | S12: =H12+J12 -> 0 | T12: =I12+K12 -> 0
A13: 9 | B13: لحج | L13: =H13+I13+J13+K13 -> 0 | S13: =H13+J13 -> 0 | T13: =I13+K13 -> 0
A14: 10 | B14: أبين | L14: =H14+I14+J14+K14 -> 0 | S14: =H14+J14 -> 0 | T14: =I14+K14 -> 0
A15: 11 | B15: الحديدة | L15: =H15+I15+J15+K15 -> 0 | S15: =H15+J15 -> 0 | T15: =I15+K15 -> 0
A16: 12 | B16: تعز | L16: =H16+I16+J16+K16 -> 0 | S16: =H16+J16 -> 0 | T16: =I16+K16 -> 0
... A24: 20 | B24: صعدة | L24: =H24+I24+J24+K24 -> 0 | S24: =H24+J24 -> 0 | T24: =I24+K24 -> 0
A25: 21 | L25: =H25+I25+J25+K25 -> 0 | S25: =H25+J25 -> 0 | T25: =I25+K25 -> 0
A26: 22 | L26: =H26+I26+J26+K26 -> 0 | S26: =H26+J26 -> 0 | T26: =I26+K26 -> 0
G27: =SUM(G5:G26) -> 0 | H27: =SUM(H5:H26) -> 0 | I27: =SUM(I5:I26) -> 0 | J27: =SUM(J5:J26) -> 0 | K27: =SUM(K5:K26) -> 0 | L27: =SUM(L5:L26) -> 0 | S27: =SUM(S5:S26) -> 0 | T27: =SUM(T5:T26) -> 0

Sheet 8
A1: مشاريع مؤسسة صلة للتنمية في قطاع ( ) للعام 2024م
A2: اسم المشروع :
A3: الرقم No | B3: الموقع Location | D3: المانح Funding | E3: نبذة عن المشروع | F3: مخرجات المشروع | G3: عدد الأسر | H3: عدد المستفيدين Nunmber of Beneficiaries | M3: تاريخ Date | O3: الحالة (مراحل) State | Q3: موازنة المشروع بالدولار | S3: المستفيدين مدمج الكبار مع الأطفال
B4: المحافظة Governorate | C4: المديرية District | H4: طفل Boys | I4: طفله Girls | J4: ذكور Men | K4: إناث Woman | L4: الإجمالي Total | M4: البدء Start Date | N4: الانتهاء End Date | O4: منتهي Finishing | P4: مستمر Continues | S4: إجمالي الذكور والأطفال | T4: إجمالي الإناث والطفلات
A5: 1 | B5: حضرموت | L5: =H5+I5+J5+K5 -> 0 | S5: =H5+J5 -> 0 | T5: =I5+K5 -> 0
A6: 2 | B6: صنعاء | L6: =H6+I6+J6+K6 -> 0 | S6: =H6+J6 -> 0 | T6: =I6+K6 -> 0
A7: 3 | B7: عدن | L7: =H7+I7+J7+K7 -> 0 | S7: =H7+J7 -> 0 | T7: =I7+K7 -> 0
A8: 4 | B8: مارب | L8: =H8+I8+J8+K8 -> 0 | S8: =H8+J8 -> 0 | T8: =I8+K8 -> 0
A9: 5 | B9: الجوف | L9: =H9+I9+J9+K9 -> 0 | S9: =H9+J9 -> 0 | T9: =I9+K9 -> 0
A10: 6 | B10: البيضاء | L10: =H10+I10+J10+K10 -> 0 | S10: =H10+J10 -> 0 | T10: =I10+K10 -> 0
A11: 7 | B11: شبوة | L11: =H11+I11+J11+K11 -> 0 | S11: =H11+J11 -> 0 | T11: =I11+K11 -> 0
A12: 8 | B12: الضالع | L12: =H12+I12+J12+K12 -> 0 | S12: =H12+J12 -> 0 | T12: =I12+K12 -> 0
A13: 9 | B13: لحج | L13: =H13+I13+J13+K13 -> 0 | S13: =H13+J13 -> 0 | T13: =I13+K13 -> 0
A14: 10 | B14: أبين | L14: =H14+I14+J14+K14 -> 0 | S14: =H14+J14 -> 0 | T14: =I14+K14 -> 0
A15: 11 | B15: الحديدة | L15: =H15+I15+J15+K15 -> 0 | S15: =H15+J15 -> 0 | T15: =I15+K15 -> 0
A16: 12 | B16: تعز | L16: =H16+I16+J16+K16 -> 0 | S16: =H16+J16 -> 0 | T16: =I16+K16 -> 0
... A24: 20 | B24: صعدة | L24: =H24+I24+J24+K24 -> 0 | S24: =H24+J24 -> 0 | T24: =I24+K24 -> 0
A25: 21 | L25: =H25+I25+J25+K25 -> 0 | S25: =H25+J25 -> 0 | T25: =I25+K25 -> 0
A26: 22 | L26: =H26+I26+J26+K26 -> 0 | S26: =H26+J26 -> 0 | T26: =I26+K26 -> 0
G27: =SUM(G5:G26) -> 0 | H27: =SUM(H5:H26) -> 0 | I27: =SUM(I5:I26) -> 0 | J27: =SUM(J5:J26) -> 0 | K27: =SUM(K5:K26) -> 0 | L27: =SUM(L5:L26) -> 0 | S27: =SUM(S5:S26) -> 0 | T27: =SUM(T5:T26) -> 0

Sheet 9
A1: مشاريع مؤسسة صلة للتنمية في قطاع ( ) للعام 2024م
A2: اسم المشروع :
A3: الرقم No | B3: الموقع Location | D3: المانح Funding | E3: نبذة عن المشروع | F3: مخرجات المشروع | G3: عدد الأسر | H3: عدد المستفيدين Nunmber of Beneficiaries | M3: تاريخ Date | O3: الحالة (مراحل) State | Q3: موازنة المشروع بالدولار | S3: المستفيدين مدمج الكبار مع الأطفال
B4: المحافظة Governorate | C4: المديرية District | H4: طفل Boys | I4: طفله Girls | J4: ذكور Men | K4: إناث Woman | L4: الإجمالي Total | M4: البدء Start Date | N4: الانتهاء End Date | O4: منتهي Finishing | P4: مستمر Continues | S4: إجمالي الذكور والأطفال | T4: إجمالي الإناث والطفلات
A5: 1 | B5: حضرموت | L5: =H5+I5+J5+K5 -> 0 | S5: =H5+J5 -> 0 | T5: =I5+K5 -> 0
A6: 2 | B6: صنعاء | L6: =H6+I6+J6+K6 -> 0 | S6: =H6+J6 -> 0 | T6: =I6+K6 -> 0
A7: 3 | B7: عدن | L7: =H7+I7+J7+K7 -> 0 | S7: =H7+J7 -> 0 | T7: =I7+K7 -> 0
A8: 4 | B8: مارب | L8: =H8+I8+J8+K8 -> 0 | S8: =H8+J8 -> 0 | T8: =I8+K8 -> 0
A9: 5 | B9: الجوف | L9: =H9+I9+J9+K9 -> 0 | S9: =H9+J9 -> 0 | T9: =I9+K9 -> 0
A10: 6 | B10: البيضاء | L10: =H10+I10+J10+K10 -> 0 | S10: =H10+J10 -> 0 | T10: =I10+K10 -> 0
A11: 7 | B11: شبوة | L11: =H11+I11+J11+K11 -> 0 | S11: =H11+J11 -> 0 | T11: =I11+K11 -> 0
A12: 8 | B12: الضالع | L12: =H12+I12+J12+K12 -> 0 | S12: =H12+J12 -> 0 | T12: =I12+K12 -> 0
A13: 9 | B13: لحج | L13: =H13+I13+J13+K13 -> 0 | S13: =H13+J13 -> 0 | T13: =I13+K13 -> 0
A14: 10 | B14: أبين | L14: =H14+I14+J14+K14 -> 0 | S14: =H14+J14 -> 0 | T14: =I14+K14 -> 0
A15: 11 | B15: الحديدة | L15: =H15+I15+J15+K15 -> 0 | S15: =H15+J15 -> 0 | T15: =I15+K15 -> 0
A16: 12 | B16: تعز | L16: =H16+I16+J16+K16 -> 0 | S16: =H16+J16 -> 0 | T16: =I16+K16 -> 0
... A24: 20 | B24: صعدة | L24: =H24+I24+J24+K24 -> 0 | S24: =H24+J24 -> 0 | T24: =I24+K24 -> 0
A25: 21 | L25: =H25+I25+J25+K25 -> 0 | S25: =H25+J25 -> 0 | T25: =I25+K25 -> 0
A26: 22 | L26: =H26+I26+J26+K26 -> 0 | S26: =H26+J26 -> 0 | T26: =I26+K26 -> 0
G27: =SUM(G5:G26) -> 0 | H27: =SUM(H5:H26) -> 0 | I27: =SUM(I5:I26) -> 0 | J27: =SUM(J5:J26) -> 0 | K27: =SUM(K5:K26) -> 0 | L27: =SUM(L5:L26) -> 0 | S27: =SUM(S5:S26) -> 0 | T27: =SUM(T5:T26) -> 0

Sheet 10
A1: مشاريع مؤسسة صلة للتنمية في قطاع ( ) للعام 2024م
A2: اسم المشروع :
A3: الرقم No | B3: الموقع Location | D3: المانح Funding | E3: نبذة عن المشروع | F3: مخرجات المشروع | G3: عدد الأسر | H3: عدد المستفيدين Nunmber of Beneficiaries | M3: تاريخ Date | O3: الحالة (مراحل) State | Q3: موازنة المشروع بالدولار | S3: المستفيدين مدمج الكبار مع الأطفال
B4: المحافظة Governorate | C4: المديرية District | H4: طفل Boys | I4: طفله Girls | J4: ذكور Men | K4: إناث Woman | L4: الإجمالي Total | M4: البدء Start Date | N4: الانتهاء End Date | O4: منتهي Finishing | P4: مستمر Continues | S4: إجمالي الذكور والأطفال | T4: إجمالي الإناث والطفلات
A5: 1 | B5: حضرموت | L5: =H5+I5+J5+K5 -> 0 | S5: =H5+J5 -> 0 | T5: =I5+K5 -> 0
A6: 2 | B6: صنعاء | L6: =H6+I6+J6+K6 -> 0 | S6: =H6+J6 -> 0 | T6: =I6+K6 -> 0
A7: 3 | B7: عدن | L7: =H7+I7+J7+K7 -> 0 | S7: =H7+J7 -> 0 | T7: =I7+K7 -> 0
A8: 4 | B8: مارب | L8: =H8+I8+J8+K8 -> 0 | S8: =H8+J8 -> 0 | T8: =I8+K8 -> 0
A9: 5 | B9: الجوف | L9: =H9+I9+J9+K9 -> 0 | S9: =H9+J9 -> 0 | T9: =I9+K9 -> 0
A10: 6 | B10: البيضاء | L10: =H10+I10+J10+K10 -> 0 | S10: =H10+J10 -> 0 | T10: =I10+K10 -> 0
A11: 7 | B11: شبوة | L11: =H11+I11+J11+K11 -> 0 | S11: =H11+J11 -> 0 | T11: =I11+K11 -> 0
A12: 8 | B12: الضالع | L12: =H12+I12+J12+K12 -> 0 | S12: =H12+J12 -> 0 | T12: =I12+K12 -> 0
A13: 9 | B13: لحج | L13: =H13+I13+J13+K13 -> 0 | S13: =H13+J13 -> 0 | T13: =I13+K13 -> 0
A14: 10 | B14: أبين | L14: =H14+I14+J14+K14 -> 0 | S14: =H14+J14 -> 0 | T14: =I14+K14 -> 0
A15: 11 | B15: الحديدة | L15: =H15+I15+J15+K15 -> 0 | S15: =H15+J15 -> 0 | T15: =I15+K15 -> 0
A16: 12 | B16: تعز | L16: =H16+I16+J16+K16 -> 0 | S16: =H16+J16 -> 0 | T16: =I16+K16 -> 0
... A24: 20 | B24: صعدة | L24: =H24+I24+J24+K24 -> 0 | S24: =H24+J24 -> 0 | T24: =I24+K24 -> 0
A25: 21 | L25: =H25+I25+J25+K25 -> 0 | S25: =H25+J25 -> 0 | T25: =I25+K25 -> 0
A26: 22 | L26: =H26+I26+J26+K26 -> 0 | S26: =H26+J26 -> 0 | T26: =I26+K26 -> 0
G27: =SUM(G5:G26) -> 0 | H27: =SUM(H5:H26) -> 0 | I27: =SUM(I5:I26) -> 0 | J27: =SUM(J5:J26) -> 0 | K27: =SUM(K5:K26) -> 0 | L27: =SUM(L5:L26) -> 0 | S27: =SUM(S5:S26) -> 0 | T27: =SUM(T5:T26) -> 0

Sheet 11
A1: مشاريع مؤسسة صلة للتنمية في قطاع ( ) للعام 2024م
A2: اسم المشروع :
A3: الرقم No | B3: الموقع Location | D3: المانح Funding | E3: نبذة عن المشروع | F3: مخرجات المشروع | G3: عدد الأسر | H3: عدد المستفيدين Nunmber of Beneficiaries | M3: تاريخ Date | O3: الحالة (مراحل) State | Q3: موازنة المشروع بالدولار | S3: المستفيدين مدمج الكبار مع الأطفال
B4: المحافظة Governorate | C4: المديرية District | H4: طفل Boys | I4: طفله Girls | J4: ذكور Men | K4: إناث Woman | L4: الإجمالي Total | M4: البدء Start Date | N4: الانتهاء End Date | O4: منتهي Finishing | P4: مستمر Continues | S4: إجمالي الذكور والأطفال | T4: إجمالي الإناث والطفلات
A5: 1 | B5: حضرموت | L5: =H5+I5+J5+K5 -> 0 | S5: =H5+J5 -> 0 | T5: =I5+K5 -> 0
A6: 2 | B6: صنعاء | L6: =H6+I6+J6+K6 -> 0 | S6: =H6+J6 -> 0 | T6: =I6+K6 -> 0
A7: 3 | B7: عدن | L7: =H7+I7+J7+K7 -> 0 | S7: =H7+J7 -> 0 | T7: =I7+K7 -> 0
A8: 4 | B8: مارب | L8: =H8+I8+J8+K8 -> 0 | S8: =H8+J8 -> 0 | T8: =I8+K8 -> 0
A9: 5 | B9: الجوف | L9: =H9+I9+J9+K9 -> 0 | S9: =H9+J9 -> 0 | T9: =I9+K9 -> 0
A10: 6 | B10: البيضاء | L10: =H10+I10+J10+K10 -> 0 | S10: =H10+J10 -> 0 | T10: =I10+K10 -> 0
A11: 7 | B11: شبوة | L11: =H11+I11+J11+K11 -> 0 | S11: =H11+J11 -> 0 | T11: =I11+K11 -> 0
A12: 8 | B12: الضالع | L12: =H12+I12+J12+K12 -> 0 | S12: =H12+J12 -> 0 | T12: =I12+K12 -> 0
A13: 9 | B13: لحج | L13: =H13+I13+J13+K13 -> 0 | S13: =H13+J13 -> 0 | T13: =I13+K13 -> 0
A14: 10 | B14: أبين | L14: =H14+I14+J14+K14 -> 0 | S14: =H14+J14 -> 0 | T14: =I14+K14 -> 0
A15: 11 | B15: الحديدة | L15: =H15+I15+J15+K15 -> 0 | S15: =H15+J15 -> 0 | T15: =I15+K15 -> 0
A16: 12 | B16: تعز | L16: =H16+I16+J16+K16 -> 0 | S16: =H16+J16 -> 0 | T16: =I16+K16 -> 0
... A24: 20 | B24: صعدة | L24: =H24+I24+J24+K24 -> 0 | S24: =H24+J24 -> 0 | T24: =I24+K24 -> 0
A25: 21 | L25: =H25+I25+J25+K25 -> 0 | S25: =H25+J25 -> 0 | T25: =I25+K25 -> 0
A26: 22 | L26: =H26+I26+J26+K26 -> 0 | S26: =H26+J26 -> 0 | T26: =I26+K26 -> 0
G27: =SUM(G5:G26) -> 0 | H27: =SUM(H5:H26) -> 0 | I27: =SUM(I5:I26) -> 0 | J27: =SUM(J5:J26) -> 0 | K27: =SUM(K5:K26) -> 0 | L27: =SUM(L5:L26) -> 0 | S27: =SUM(S5:S26) -> 0 | T27: =SUM(T5:T26) -> 0

Sheet 12
A1: مشاريع مؤسسة صلة للتنمية في قطاع ( ) للعام 2024م
A2: اسم المشروع :
A3: الرقم No | B3: الموقع Location | D3: المانح Funding | E3: نبذة عن المشروع | F3: مخرجات المشروع | G3: عدد الأسر | H3: عدد المستفيدين Nunmber of Beneficiaries | M3: تاريخ Date | O3: الحالة (مراحل) State | Q3: موازنة المشروع بالدولار | S3: المستفيدين مدمج الكبار مع الأطفال
B4: المحافظة Governorate | C4: المديرية District | H4: طفل Boys | I4: طفله Girls | J4: ذكور Men | K4: إناث Woman | L4: الإجمالي Total | M4: البدء Start Date | N4: الانتهاء End Date | O4: منتهي Finishing | P4: مستمر Continues | S4: إجمالي الذكور والأطفال | T4: إجمالي الإناث والطفلات
A5: 1 | B5: حضرموت | L5: =H5+I5+J5+K5 -> 0 | S5: =H5+J5 -> 0 | T5: =I5+K5 -> 0
A6: 2 | B6: صنعاء | L6: =H6+I6+J6+K6 -> 0 | S6: =H6+J6 -> 0 | T6: =I6+K6 -> 0
A7: 3 | B7: عدن | L7: =H7+I7+J7+K7 -> 0 | S7: =H7+J7 -> 0 | T7: =I7+K7 -> 0
A8: 4 | B8: مارب | L8: =H8+I8+J8+K8 -> 0 | S8: =H8+J8 -> 0 | T8: =I8+K8 -> 0
A9: 5 | B9: الجوف | L9: =H9+I9+J9+K9 -> 0 | S9: =H9+J9 -> 0 | T9: =I9+K9 -> 0
A10: 6 | B10: البيضاء | L10: =H10+I10+J10+K10 -> 0 | S10: =H10+J10 -> 0 | T10: =I10+K10 -> 0
A11: 7 | B11: شبوة | L11: =H11+I11+J11+K11 -> 0 | S11: =H11+J11 -> 0 | T11: =I11+K11 -> 0
A12: 8 | B12: الضالع | L12: =H12+I12+J12+K12 -> 0 | S12: =H12+J12 -> 0 | T12: =I12+K12 -> 0
A13: 9 | B13: لحج | L13: =H13+I13+J13+K13 -> 0 | S13: =H13+J13 -> 0 | T13: =I13+K13 -> 0
A14: 10 | B14: أبين | L14: =H14+I14+J14+K14 -> 0 | S14: =H14+J14 -> 0 | T14: =I14+K14 -> 0
A15: 11 | B15: الحديدة | L15: =H15+I15+J15+K15 -> 0 | S15: =H15+J15 -> 0 | T15: =I15+K15 -> 0
A16: 12 | B16: تعز | L16: =H16+I16+J16+K16 -> 0 | S16: =H16+J16 -> 0 | T16: =I16+K16 -> 0
... A24: 20 | B24: صعدة | L24: =H24+I24+J24+K24 -> 0 | S24: =H24+J24 -> 0 | T24: =I24+K24 -> 0
A25: 21 | L25: =H25+I25+J25+K25 -> 0 | S25: =H25+J25 -> 0 | T25: =I25+K25 -> 0
A26: 22 | L26: =H26+I26+J26+K26 -> 0 | S26: =H26+J26 -> 0 | T26: =I26+K26 -> 0
G27: =SUM(G5:G26) -> 0 | H27: =SUM(H5:H26) -> 0 | I27: =SUM(I5:I26) -> 0 | J27: =SUM(J5:J26) -> 0 | K27: =SUM(K5:K26) -> 0 | L27: =SUM(L5:L26) -> 0 | S27: =SUM(S5:S26) -> 0 | T27: =SUM(T5:T26) -> 0

Sheet 13
A1: مشاريع مؤسسة صلة للتنمية في قطاع ( ) للعام 2024م
A2: اسم المشروع :
A3: الرقم No | B3: الموقع Location | D3: المانح Funding | E3: نبذة عن المشروع | F3: مخرجات المشروع | G3: عدد الأسر | H3: عدد المستفيدين Nunmber of Beneficiaries | M3: تاريخ Date | O3: الحالة (مراحل) State | Q3: موازنة المشروع بالدولار | S3: المستفيدين مدمج الكبار مع الأطفال
B4: المحافظة Governorate | C4: المديرية District | H4: طفل Boys | I4: طفله Girls | J4: ذكور Men | K4: إناث Woman | L4: الإجمالي Total | M4: البدء Start Date | N4: الانتهاء End Date | O4: منتهي Finishing | P4: مستمر Continues | S4: إجمالي الذكور والأطفال | T4: إجمالي الإناث والطفلات
A5: 1 | B5: حضرموت | L5: =H5+I5+J5+K5 -> 0 | S5: =H5+J5 -> 0 | T5: =I5+K5 -> 0
A6: 2 | B6: صنعاء | L6: =H6+I6+J6+K6 -> 0 | S6: =H6+J6 -> 0 | T6: =I6+K6 -> 0
A7: 3 | B7: عدن | L7: =H7+I7+J7+K7 -> 0 | S7: =H7+J7 -> 0 | T7: =I7+K7 -> 0
A8: 4 | B8: مارب | L8: =H8+I8+J8+K8 -> 0 | S8: =H8+J8 -> 0 | T8: =I8+K8 -> 0
A9: 5 | B9: الجوف | L9: =H9+I9+J9+K9 -> 0 | S9: =H9+J9 -> 0 | T9: =I9+K9 -> 0
A10: 6 | B10: البيضاء | L10: =H10+I10+J10+K10 -> 0 | S10: =H10+J10 -> 0 | T10: =I10+K10 -> 0
A11: 7 | B11: شبوة | L11: =H11+I11+J11+K11 -> 0 | S11: =H11+J11 -> 0 | T11: =I11+K11 -> 0
A12: 8 | B12: الضالع | L12: =H12+I12+J12+K12 -> 0 | S12: =H12+J12 -> 0 | T12: =I12+K12 -> 0
A13: 9 | B13: لحج | L13: =H13+I13+J13+K13 -> 0 | S13: =H13+J13 -> 0 | T13: =I13+K13 -> 0
A14: 10 | B14: أبين | L14: =H14+I14+J14+K14 -> 0 | S14: =H14+J14 -> 0 | T14: =I14+K14 -> 0
A15: 11 | B15: الحديدة | L15: =H15+I15+J15+K15 -> 0 | S15: =H15+J15 -> 0 | T15: =I15+K15 -> 0
A16: 12 | B16: تعز | L16: =H16+I16+J16+K16 -> 0 | S16: =H16+J16 -> 0 | T16: =I16+K16 -> 0
... A24: 20 | B24: صعدة | L24: =H24+I24+J24+K24 -> 0 | S24: =H24+J24 -> 0 | T24: =I24+K24 -> 0
A25: 21 | L25: =H25+I25+J25+K25 -> 0 | S25: =H25+J25 -> 0 | T25: =I25+K25 -> 0
A26: 22 | L26: =H26+I26+J26+K26 -> 0 | S26: =H26+J26 -> 0 | T26: =I26+K26 -> 0
G27: =SUM(G5:G26) -> 0 | H27: =SUM(H5:H26) -> 0 | I27: =SUM(I5:I26) -> 0 | J27: =SUM(J5:J26) -> 0 | K27: =SUM(K5:K26) -> 0 | L27: =SUM(L5:L26) -> 0 | S27: =SUM(S5:S26) -> 0 | T27: =SUM(T5:T26) -> 0

Sheet 14
A1: مشاريع مؤسسة صلة للتنمية في قطاع ( ) للعام 2024م
A2: اسم المشروع :
A3: الرقم No | B3: الموقع Location | D3: المانح Funding | E3: نبذة عن المشروع | F3: مخرجات المشروع | G3: عدد الأسر | H3: عدد المستفيدين Nunmber of Beneficiaries | M3: تاريخ Date | O3: الحالة (مراحل) State | Q3: موازنة المشروع بالدولار | S3: المستفيدين مدمج الكبار مع الأطفال
B4: المحافظة Governorate | C4: المديرية District | H4: طفل Boys | I4: طفله Girls | J4: ذكور Men | K4: إناث Woman | L4: الإجمالي Total | M4: البدء Start Date | N4: الانتهاء End Date | O4: منتهي Finishing | P4: مستمر Continues | S4: إجمالي الذكور والأطفال | T4: إجمالي الإناث والطفلات
A5: 1 | B5: حضرموت | L5: =H5+I5+J5+K5 -> 0 | S5: =H5+J5 -> 0 | T5: =I5+K5 -> 0
A6: 2 | B6: صنعاء | L6: =H6+I6+J6+K6 -> 0 | S6: =H6+J6 -> 0 | T6: =I6+K6 -> 0
A7: 3 | B7: عدن | L7: =H7+I7+J7+K7 -> 0 | S7: =H7+J7 -> 0 | T7: =I7+K7 -> 0
A8: 4 | B8: مارب | L8: =H8+I8+J8+K8 -> 0 | S8: =H8+J8 -> 0 | T8: =I8+K8 -> 0
A9: 5 | B9: الجوف | L9: =H9+I9+J9+K9 -> 0 | S9: =H9+J9 -> 0 | T9: =I9+K9 -> 0
A10: 6 | B10: البيضاء | L10: =H10+I10+J10+K10 -> 0 | S10: =H10+J10 -> 0 | T10: =I10+K10 -> 0
A11: 7 | B11: شبوة | L11: =H11+I11+J11+K11 -> 0 | S11: =H11+J11 -> 0 | T11: =I11+K11 -> 0
A12: 8 | B12: الضالع | L12: =H12+I12+J12+K12 -> 0 | S12: =H12+J12 -> 0 | T12: =I12+K12 -> 0
A13: 9 | B13: لحج | L13: =H13+I13+J13+K13 -> 0 | S13: =H13+J13 -> 0 | T13: =I13+K13 -> 0
A14: 10 | B14: أبين | L14: =H14+I14+J14+K14 -> 0 | S14: =H14+J14 -> 0 | T14: =I14+K14 -> 0
A15: 11 | B15: الحديدة | L15: =H15+I15+J15+K15 -> 0 | S15: =H15+J15 -> 0 | T15: =I15+K15 -> 0
A16: 12 | B16: تعز | L16: =H16+I16+J16+K16 -> 0 | S16: =H16+J16 -> 0 | T16: =I16+K16 -> 0
... A24: 20 | B24: صعدة | L24: =H24+I24+J24+K24 -> 0 | S24: =H24+J24 -> 0 | T24: =I24+K24 -> 0
A25: 21 | L25: =H25+I25+J25+K25 -> 0 | S25: =H25+J25 -> 0 | T25: =I25+K25 -> 0
A26: 22 | L26: =H26+I26+J26+K26 -> 0 | S26: =H26+J26 -> 0 | T26: =I26+K26 -> 0
G27: =SUM(G5:G26) -> 0 | H27: =SUM(H5:H26) -> 0 | I27: =SUM(I5:I26) -> 0 | J27: =SUM(J5:J26) -> 0 | K27: =SUM(K5:K26) -> 0 | L27: =SUM(L5:L26) -> 0 | S27: =SUM(S5:S26) -> 0 | T27: =SUM(T5:T26) -> 0

Sheet الإجماليات 
A1: مشاريع مؤسسة صلة للتنمية في قطاع ( ) للعام 2024م
A2: اسم المشروع :
A3: الرقم No | B3: الموقع Location | C3: عدد الأسر | D3: عدد المستفيدين Nunmber of Beneficiaries | I3: موازنة المشروع بالدولار | K3: المستفيدين مدمج الكبار مع الأطفال
B4: المحافظة Governorate | D4: طفل Boys | E4: طفله Girls | F4: ذكور Men | G4: إناث Woman | H4: الإجمالي Total | K4: إجمالي الذكور والأطفال | L4: إجمالي الإناث والطفلات
A5: 1 | B5: حضرموت | C5: ='1'!G5+'2'!G5+'3'!G5+'4'!G5+'5'!G5+'6'!G5+'7'!G5+'8'!G5+'9'!G5+'10'!G5+'11'!G5+'12'!G5+'13'!G5+'14'!G5 -> 0 | D5: ='1'!H5+'2'!H5+'3'!H5+'4'!H5+'5'!H5+'6'!H5+'7'!H5+'8'!H5+'9'!H5+'10'!H5+'11'!H5+'12'!H5+'13'!H5+'14'!H5 -> 0 | E5: ='1'!I5+'2'!I5+'3'!I5+'4'!I5+'5'!I5+'6'!I5+'7'!I5+'8'!I5+'9'!I5+'10'!I5+'11'!I5+'12'!I5+'13'!I5+'14'!I5 -> 0 | F5: ='1'!J5+'2'!J5+'3'!J5+'4'!J5+'5'!J5+'6'!J5+'7'!J5+'8'!J5+'9'!J5+'10'!J5+'11'!J5+'12'!J5+'13'!J5+'14'!J5 -> 0 | G5: ='1'!K5+'2'!K5+'3'!K5+'4'!K5+'5'!K5+'6'!K5+'7'!K5+'8'!K5+'9'!K5+'10'!K5+'11'!K5+'12'!K5+'13'!K5+'14'!K5 -> 0 | H5: =D5+E5+F5+G5 -> 0 | K5: =D5+F5 -> 0 | L5: =E5+G5 -> 0
A6: 2 | B6: صنعاء | C6: ='1'!G6+'2'!G6+'3'!G6+'4'!G6+'5'!G6+'6'!G6+'7'!G6+'8'!G6+'9'!G6+'10'!G6+'11'!G6+'12'!G6+'13'!G6+'14'!G6 -> 0 | D6: ='1'!H6+'2'!H6+'3'!H6+'4'!H6+'5'!H6+'6'!H6+'7'!H6+'8'!H6+'9'!H6+'10'!H6+'11'!H6+'12'!H6+'13'!H6+'14'!H6 -> 0 | E6: ='1'!I6+'2'!I6+'3'!I6+'4'!I6+'5'!I6+'6'!I6+'7'!I6+'8'!I6+'9'!I6+'10'!I6+'11'!I6+'12'!I6+'13'!I6+'14'!I6 -> 0 | F6: ='1'!J6+'2'!J6+'3'!J6+'4'!J6+'5'!J6+'6'!J6+'7'!J6+'8'!J6+'9'!J6+'10'!J6+'11'!J6+'12'!J6+'13'!J6+'14'!J6 -> 0 | G6: ='1'!K6+'2'!K6+'3'!K6+'4'!K6+'5'!K6+'6'!K6+'7'!K6+'8'!K6+'9'!K6+'10'!K6+'11'!K6+'12'!K6+'13'!K6+'14'!K6 -> 0 | H6: =D6+E6+F6+G6 -> 0 | K6: =D6+F6 -> 0 | L6: =E6+G6 -> 0
A7: 3 | B7: عدن | C7: ='1'!G7+'2'!G7+'3'!G7+'4'!G7+'5'!G7+'6'!G7+'7'!G7+'8'!G7+'9'!G7+'10'!G7+'11'!G7+'12'!G7+'13'!G7+'14'!G7 -> 0 | D7: ='1'!H7+'2'!H7+'3'!H7+'4'!H7+'5'!H7+'6'!H7+'7'!H7+'8'!H7+'9'!H7+'10'!H7+'11'!H7+'12'!H7+'13'!H7+'14'!H7 -> 0 | E7: ='1'!I7+'2'!I7+'3'!I7+'4'!I7+'5'!I7+'6'!I7+'7'!I7+'8'!I7+'9'!I7+'10'!I7+'11'!I7+'12'!I7+'13'!I7+'14'!I7 -> 0 | F7: ='1'!J7+'2'!J7+'3'!J7+'4'!J7+'5'!J7+'6'!J7+'7'!J7+'8'!J7+'9'!J7+'10'!J7+'11'!J7+'12'!J7+'13'!J7+'14'!J7 -> 0 | G7: ='1'!K7+'2'!K7+'3'!K7+'4'!K7+'5'!K7+'6'!K7+'7'!K7+'8'!K7+'9'!K7+'10'!K7+'11'!K7+'12'!K7+'13'!K7+'14'!K7 -> 0 | H7: =D7+E7+F7+G7 -> 0 | K7: =D7+F7 -> 0 | L7: =E7+G7 -> 0
A8: 4 | B8: مارب | C8: ='1'!G8+'2'!G8+'3'!G8+'4'!G8+'5'!G8+'6'!G8+'7'!G8+'8'!G8+'9'!G8+'10'!G8+'11'!G8+'12'!G8+'13'!G8+'14'!G8 -> 0 | D8: ='1'!H8+'2'!H8+'3'!H8+'4'!H8+'5'!H8+'6'!H8+'7'!H8+'8'!H8+'9'!H8+'10'!H8+'11'!H8+'12'!H8+'13'!H8+'14'!H8 -> 0 | E8: ='1'!I8+'2'!I8+'3'!I8+'4'!I8+'5'!I8+'6'!I8+'7'!I8+'8'!I8+'9'!I8+'10'!I8+'11'!I8+'12'!I8+'13'!I8+'14'!I8 -> 0 | F8: ='1'!J8+'2'!J8+'3'!J8+'4'!J8+'5'!J8+'6'!J8+'7'!J8+'8'!J8+'9'!J8+'10'!J8+'11'!J8+'12'!J8+'13'!J8+'14'!J8 -> 0 | G8: ='1'!K8+'2'!K8+'3'!K8+'4'!K8+'5'!K8+'6'!K8+'7'!K8+'8'!K8+'9'!K8+'10'!K8+'11'!K8+'12'!K8+'13'!K8+'14'!K8 -> 0 | H8: =D8+E8+F8+G8 -> 0 | K8: =D8+F8 -> 0 | L8: =E8+G8 -> 0
A9: 5 | B9: الجوف | C9: ='1'!G9+'2'!G9+'3'!G9+'4'!G9+'5'!G9+'6'!G9+'7'!G9+'8'!G9+'9'!G9+'10'!G9+'11'!G9+'12'!G9+'13'!G9+'14'!G9 -> 0 | D9: ='1'!H9+'2'!H9+'3'!H9+'4'!H9+'5'!H9+'6'!H9+'7'!H9+'8'!H9+'9'!H9+'10'!H9+'11'!H9+'12'!H9+'13'!H9+'14'!H9 -> 0 | E9: ='1'!I9+'2'!I9+'3'!I9+'4'!I9+'5'!I9+'6'!I9+'7'!I9+'8'!I9+'9'!I9+'10'!I9+'11'!I9+'12'!I9+'13'!I9+'14'!I9 -> 0 | F9: ='1'!J9+'2'!J9+'3'!J9+'4'!J9+'5'!J9+'6'!J9+'7'!J9+'8'!J9+'9'!J9+'10'!J9+'11'!J9+'12'!J9+'13'!J9+'14'!J9 -> 0 | G9: ='1'!K9+'2'!K9+'3'!K9+'4'!K9+'5'!K9+'6'!K9+'7'!K9+'8'!K9+'9'!K9+'10'!K9+'11'!K9+'12'!K9+'13'!K9+'14'!K9 -> 0 | H9: =D9+E9+F9+G9 -> 0 | K9: =D9+F9 -> 0 | L9: =E9+G9 -> 0
A10: 6 | B10: البيضاء | C10: ='1'!G10+'2'!G10+'3'!G10+'4'!G10+'5'!G10+'6'!G10+'7'!G10+'8'!G10+'9'!G10+'10'!G10+'11'!G10+'12'!G10+'13'!G10+'14'!G10 -> 0 | D10: ='1'!H10+'2'!H10+'3'!H10+'4'!H10+'5'!H10+'6'!H10+'7'!H10+'8'!H10+'9'!H10+'10'!H10+'11'!H10+'12'!H10+'13'!H10+'14'!H10 -> 0 | E10: ='1'!I10+'2'!I10+'3'!I10+'4'!I10+'5'!I10+'6'!I10+'7'!I10+'8'!I10+'9'!I10+'10'!I10+'11'!I10+'12'!I10+'13'!I10+'14'!I10 -> 0 | F10: ='1'!J10+'2'!J10+'3'!J10+'4'!J10+'5'!J10+'6'!J10+'7'!J10+'8'!J10+'9'!J10+'10'!J10+'11'!J10+'12'!J10+'13'!J10+'14'!J10 -> 0 | G10: ='1'!K10+'2'!K10+'3'!K10+'4'!K10+'5'!K10+'6'!K10+'7'!K10+'8'!K10+'9'!K10+'10'!K10+'11'!K10+'12'!K10+'13'!K10+'14'!K10 -> 0 | H10: =D10+E10+F10+G10 -> 0 | K10: =D10+F10 -> 0 | L10: =E10+G10 -> 0
A11: 7 | B11: شبوة | C11: ='1'!G11+'2'!G11+'3'!G11+'4'!G11+'5'!G11+'6'!G11+'7'!G11+'8'!G11+'9'!G11+'10'!G11+'11'!G11+'12'!G11+'13'!G11+'14'!G11 -> 0 | D11: ='1'!H11+'2'!H11+'3'!H11+'4'!H11+'5'!H11+'6'!H11+'7'!H11+'8'!H11+'9'!H11+'10'!H11+'11'!H11+'12'!H11+'13'!H11+'14'!H11 -> 0 | E11: ='1'!I11+'2'!I11+'3'!I11+'4'!I11+'5'!I11+'6'!I11+'7'!I11+'8'!I11+'9'!I11+'10'!I11+'11'!I11+'12'!I11+'13'!I11+'14'!I11 -> 0 | F11: ='1'!J11+'2'!J11+'3'!J11+'4'!J11+'5'!J11+'6'!J11+'7'!J11+'8'!J11+'9'!J11+'10'!J11+'11'!J11+'12'!J11+'13'!J11+'14'!J11 -> 0 | G11: ='1'!K11+'2'!K11+'3'!K11+'4'!K11+'5'!K11+'6'!K11+'7'!K11+'8'!K11+'9'!K11+'10'!K11+'11'!K11+'12'!K11+'13'!K11+'14'!K11 -> 0 | H11: =D11+E11+F11+G11 -> 0 | K11: =D11+F11 -> 0 | L11: =E11+G11 -> 0
A12: 8 | B12: الضالع | C12: ='1'!G12+'2'!G12+'3'!G12+'4'!G12+'5'!G12+'6'!G12+'7'!G12+'8'!G12+'9'!G12+'10'!G12+'11'!G12+'12'!G12+'13'!G12+'14'!G12 -> 0 | D12: ='1'!H12+'2'!H12+'3'!H12+'4'!H12+'5'!H12+'6'!H12+'7'!H12+'8'!H12+'9'!H12+'10'!H12+'11'!H12+'12'!H12+'13'!H12+'14'!H12 -> 0 | E12: ='1'!I12+'2'!I12+'3'!I12+'4'!I12+'5'!I12+'6'!I12+'7'!I12+'8'!I12+'9'!I12+'10'!I12+'11'!I12+'12'!I12+'13'!I12+'14'!I12 -> 0 | F12: ='1'!J12+'2'!J12+'3'!J12+'4'!J12+'5'!J12+'6'!J12+'7'!J12+'8'!J12+'9'!J12+'10'!J12+'11'!J12+'12'!J12+'13'!J12+'14'!J12 -> 0 | G12: ='1'!K12+'2'!K12+'3'!K12+'4'!K12+'5'!K12+'6'!K12+'7'!K12+'8'!K12+'9'!K12+'10'!K12+'11'!K12+'12'!K12+'13'!K12+'14'!K12 -> 0 | H12: =D12+E12+F12+G12 -> 0 | K12: =D12+F12 -> 0 | L12: =E12+G12 -> 0
A13: 9 | B13: لحج | C13: ='1'!G13+'2'!G13+'3'!G13+'4'!G13+'5'!G13+'6'!G13+'7'!G13+'8'!G13+'9'!G13+'10'!G13+'11'!G13+'12'!G13+'13'!G13+'14'!G13 -> 0 | D13: ='1'!H13+'2'!H13+'3'!H13+'4'!H13+'5'!H13+'6'!H13+'7'!H13+'8'!H13+'9'!H13+'10'!H13+'11'!H13+'12'!H13+'13'!H13+'14'!H13 -> 0 | E13: ='1'!I13+'2'!I13+'3'!I13+'4'!I13+'5'!I13+'6'!I13+'7'!I13+'8'!I13+'9'!I13+'10'!I13+'11'!I13+'12'!I13+'13'!I13+'14'!I13 -> 0 | F13: ='1'!J13+'2'!J13+'3'!J13+'4'!J13+'5'!J13+'6'!J13+'7'!J13+'8'!J13+'9'!J13+'10'!J13+'11'!J13+'12'!J13+'13'!J13+'14'!J13 -> 0 | G13: ='1'!K13+'2'!K13+'3'!K13+'4'!K13+'5'!K13+'6'!K13+'7'!K13+'8'!K13+'9'!K13+'10'!K13+'11'!K13+'12'!K13+'13'!K13+'14'!K13 -> 0 | H13: =D13+E13+F13+G13 -> 0 | K13: =D13+F13 -> 0 | L13: =E13+G13 -> 0
A14: 10 | B14: أبين | C14: ='1'!G14+'2'!G14+'3'!G14+'4'!G14+'5'!G14+'6'!G14+'7'!G14+'8'!G14+'9'!G14+'10'!G14+'11'!G14+'12'!G14+'13'!G14+'14'!G14 -> 0 | D14: ='1'!H14+'2'!H14+'3'!H14+'4'!H14+'5'!H14+'6'!H14+'7'!H14+'8'!H14+'9'!H14+'10'!H14+'11'!H14+'12'!H14+'13'!H14+'14'!H14 -> 0 | E14: ='1'!I14+'2'!I14+'3'!I14+'4'!I14+'5'!I14+'6'!I14+'7'!I14+'8'!I14+'9'!I14+'10'!I14+'11'!I14+'12'!I14+'13'!I14+'14'!I14 -> 0 | F14: ='1'!J14+'2'!J14+'3'!J14+'4'!J14+'5'!J14+'6'!J14+'7'!J14+'8'!J14+'9'!J14+'10'!J14+'11'!J14+'12'!J14+'13'!J14+'14'!J14 -> 0 | G14: ='1'!K14+'2'!K14+'3'!K14+'4'!K14+'5'!K14+'6'!K14+'7'!K14+'8'!K14+'9'!K14+'10'!K14+'11'!K14+'12'!K14+'13'!K14+'14'!K14 -> 0 | H14: =D14+E14+F14+G14 -> 0 | K14: =D14+F14 -> 0 | L14: =E14+G14 -> 0
A15: 11 | B15: الحديدة | C15: ='1'!G15+'2'!G15+'3'!G15+'4'!G15+'5'!G15+'6'!G15+'7'!G15+'8'!G15+'9'!G15+'10'!G15+'11'!G15+'12'!G15+'13'!G15+'14'!G15 -> 0 | D15: ='1'!H15+'2'!H15+'3'!H15+'4'!H15+'5'!H15+'6'!H15+'7'!H15+'8'!H15+'9'!H15+'10'!H15+'11'!H15+'12'!H15+'13'!H15+'14'!H15 -> 0 | E15: ='1'!I15+'2'!I15+'3'!I15+'4'!I15+'5'!I15+'6'!I15+'7'!I15+'8'!I15+'9'!I15+'10'!I15+'11'!I15+'12'!I15+'13'!I15+'14'!I15 -> 0 | F15: ='1'!J15+'2'!J15+'3'!J15+'4'!J15+'5'!J15+'6'!J15+'7'!J15+'8'!J15+'9'!J15+'10'!J15+'11'!J15+'12'!J15+'13'!J15+'14'!J15 -> 0 | G15: ='1'!K15+'2'!K15+'3'!K15+'4'!K15+'5'!K15+'6'!K15+'7'!K15+'8'!K15+'9'!K15+'10'!K15+'11'!K15+'12'!K15+'13'!K15+'14'!K15 -> 0 | H15: =D15+E15+F15+G15 -> 0 | K15: =D15+F15 -> 0 | L15: =E15+G15 -> 0
A16: 12 | B16: تعز | C16: ='1'!G16+'2'!G16+'3'!G16+'4'!G16+'5'!G16+'6'!G16+'7'!G16+'8'!G16+'9'!G16+'10'!G16+'11'!G16+'12'!G16+'13'!G16+'14'!G16 -> 0 | D16: ='1'!H16+'2'!H16+'3'!H16+'4'!H16+'5'!H16+'6'!H16+'7'!H16+'8'!H16+'9'!H16+'10'!H16+'11'!H16+'12'!H16+'13'!H16+'14'!H16 -> 0 | E16: ='1'!I16+'2'!I16+'3'!I16+'4'!I16+'5'!I16+'6'!I16+'7'!I16+'8'!I16+'9'!I16+'10'!I16+'11'!I16+'12'!I16+'13'!I16+'14'!I16 -> 0 | F16: ='1'!J16+'2'!J16+'3'!J16+'4'!J16+'5'!J16+'6'!J16+'7'!J16+'8'!J16+'9'!J16+'10'!J16+'11'!J16+'12'!J16+'13'!J16+'14'!J16 -> 0 | G16: ='1'!K16+'2'!K16+'3'!K16+'4'!K16+'5'!K16+'6'!K16+'7'!K16+'8'!K16+'9'!K16+'10'!K16+'11'!K16+'12'!K16+'13'!K16+'14'!K16 -> 0 | H16: =D16+E16+F16+G16 -> 0 | K16: =D16+F16 -> 0 | L16: =E16+G16 -> 0
... A24: 20 | B24: صعدة | C24: ='1'!G24+'2'!G24+'3'!G24+'4'!G24+'5'!G24+'6'!G24+'7'!G24+'8'!G24+'9'!G24+'10'!G24+'11'!G24+'12'!G24+'13'!G24+'14'!G24 -> 0 | D24: ='1'!H24+'2'!H24+'3'!H24+'4'!H24+'5'!H24+'6'!H24+'7'!H24+'8'!H24+'9'!H24+'10'!H24+'11'!H24+'12'!H24+'13'!H24+'14'!H24 -> 0 | E24: ='1'!I24+'2'!I24+'3'!I24+'4'!I24+'5'!I24+'6'!I24+'7'!I24+'8'!I24+'9'!I24+'10'!I24+'11'!I24+'12'!I24+'13'!I24+'14'!I24 -> 0 | F24: ='1'!J24+'2'!J24+'3'!J24+'4'!J24+'5'!J24+'6'!J24+'7'!J24+'8'!J24+'9'!J24+'10'!J24+'11'!J24+'12'!J24+'13'!J24+'14'!J24 -> 0 | G24: ='1'!K24+'2'!K24+'3'!K24+'4'!K24+'5'!K24+'6'!K24+'7'!K24+'8'!K24+'9'!K24+'10'!K24+'11'!K24+'12'!K24+'13'!K24+'14'!K24 -> 0 | H24: =D24+E24+F24+G24 -> 0 | K24: =D24+F24 -> 0 | L24: =E24+G24 -> 0
A25: 21 | C25: ='1'!G25+'2'!G25+'3'!G25+'4'!G25+'5'!G25+'6'!G25+'7'!G25+'8'!G25+'9'!G25+'10'!G25+'11'!G25+'12'!G25+'13'!G25+'14'!G25 -> 0 | D25: ='1'!H25+'2'!H25+'3'!H25+'4'!H25+'5'!H25+'6'!H25+'7'!H25+'8'!H25+'9'!H25+'10'!H25+'11'!H25+'12'!H25+'13'!H25+'14'!H25 -> 0 | E25: ='1'!I25+'2'!I25+'3'!I25+'4'!I25+'5'!I25+'6'!I25+'7'!I25+'8'!I25+'9'!I25+'10'!I25+'11'!I25+'12'!I25+'13'!I25+'14'!I25 -> 0 | F25: ='1'!J25+'2'!J25+'3'!J25+'4'!J25+'5'!J25+'6'!J25+'7'!J25+'8'!J25+'9'!J25+'10'!J25+'11'!J25+'12'!J25+'13'!J25+'14'!J25 -> 0 | G25: ='1'!K25+'2'!K25+'3'!K25+'4'!K25+'5'!K25+'6'!K25+'7'!K25+'8'!K25+'9'!K25+'10'!K25+'11'!K25+'12'!K25+'13'!K25+'14'!K25 -> 0 | H25: =D25+E25+F25+G25 -> 0 | K25: =D25+F25 -> 0 | L25: =E25+G25 -> 0
A26: 22 | C26: ='1'!G26+'2'!G26+'3'!G26+'4'!G26+'5'!G26+'6'!G26+'7'!G26+'8'!G26+'9'!G26+'10'!G26+'11'!G26+'12'!G26+'13'!G26+'14'!G26 -> 0 | D26: ='1'!H26+'2'!H26+'3'!H26+'4'!H26+'5'!H26+'6'!H26+'7'!H26+'8'!H26+'9'!H26+'10'!H26+'11'!H26+'12'!H26+'13'!H26+'14'!H26 -> 0 | E26: ='1'!I26+'2'!I26+'3'!I26+'4'!I26+'5'!I26+'6'!I26+'7'!I26+'8'!I26+'9'!I26+'10'!I26+'11'!I26+'12'!I26+'13'!I26+'14'!I26 -> 0 | F26: ='1'!J26+'2'!J26+'3'!J26+'4'!J26+'5'!J26+'6'!J26+'7'!J26+'8'!J26+'9'!J26+'10'!J26+'11'!J26+'12'!J26+'13'!J26+'14'!J26 -> 0 | G26: ='1'!K26+'2'!K26+'3'!K26+'4'!K26+'5'!K26+'6'!K26+'7'!K26+'8'!K26+'9'!K26+'10'!K26+'11'!K26+'12'!K26+'13'!K26+'14'!K26 -> 0 | H26: =D26+E26+F26+G26 -> 0 | K26: =D26+F26 -> 0 | L26: =E26+G26 -> 0
C27: =SUM(C5:C26) -> 0 | D27: =SUM(D5:D26) -> 0 | E27: =SUM(E5:E26) -> 0 | F27: =SUM(F5:F26) -> 0 | G27: =SUM(G5:G26) -> 0 | H27: =SUM(H5:H26) -> 0 | K27: =SUM(K5:K26) -> 0 | L27: =SUM(L5:L26) -> 0
